﻿Granular Intent,Rollup Intent,Description,Keywords,Examples,Comments
greet-goodbye,greet-goodbye,,bye,bye,
greet-hello,greet-hello,,none,hello,
greet-thank_you,greet-goodbye,,thanks help,thanks for your help,
remote-setup,remote-setup,,"program dish remote
samsung tv
turn tv",how do i program my dish remote to my samsung tv the menu does not show when i try to follow the steps online. i turn the tv on with the samsung remote.,
representative-request,representative-request,"Request an agent
",not contact machine,I don't want to talk to a machine,"pass to an agent
"