Transcription,Rollup Intent
What are store hours,Store_Hours
store hours,Store_Hours
store opening time,Store_Hours
store closing time,Store_Hours
store times,Store_Hours
When does this shop open,Store_Hours
store timings,Store_Hours
What are store timings,Store_Hours
Tell me the store hours,Store_Hours
I would like to change password,Password_Change
I would like to change my password,Password_Change
need help with login,Password_Change
change password,Password_Change
cannot login,Password_Change
update password,Password_Change
reset password,Password_Change
password problem,Password_Change
password does not work,Password_Change
How can you help me,Present_QueryList
What questions can I ask you,Present_QueryList
List of questions you can answer,Present_QueryList
What are you able to handle,Present_QueryList
Tell me what you can do,Present_QueryList
I need an agent,Representative_Request
send me a real person,Representative_Request
talk to an agent,Representative_Request
can I talk to agent,Representative_Request
agent Please,Representative_Request
human please,Representative_Request